Domain Code,Domain,Reporter Country Code (M49),Reporter Countries,Partner Country Code (M49),Partner Countries,Element Code,Element,Item Code (CPC),Item,Year Code,Year,Unit,Value,Flag,Flag Description
"TM","Detailed trade matrix","032","Argentina","826","United Kingdom of Great Britain and Northern Ireland","5910","Export quantity","F0875","Beef and veal preparations nes","2010","2010","t","1959","A","Official figure"
"TM","Detailed trade matrix","032","Argentina","826","United Kingdom of Great Britain and Northern Ireland","5910","Export quantity","F0875","Beef and veal preparations nes","2011","2011","t","1322","A","Official figure"
"TM","Detailed trade matrix","032","Argentina","826","United Kingdom of Great Britain and Northern Ireland","5910","Export quantity","F0875","Beef and veal preparations nes","2012","2012","t","1182","A","Official figure"
"TM","Detailed trade matrix","032","Argentina","826","United Kingdom of Great Britain and Northern Ireland","5910","Export quantity","F0875","Beef and veal preparations nes","2013","2013","t","314","A","Official figure"
"TM","Detailed trade matrix","032","Argentina","826","United Kingdom of Great Britain and Northern Ireland","5910","Export quantity","F0875","Beef and veal preparations nes","2014","2014","t","58.4","A","Official figure"
"TM","Detailed trade matrix","032","Argentina","826","United Kingdom of Great Britain and Northern Ireland","5910","Export quantity","F0875","Beef and veal preparations nes","2015","2015","t","23.91","A","Official figure"
"TM","Detailed trade matrix","032","Argentina","826","United Kingdom of Great Britain and Northern Ireland","5910","Export quantity","F0875","Beef and veal preparations nes","2016","2016","t","22.79","A","Official figure"
"TM","Detailed trade matrix","036","Australia","826","United Kingdom of Great Britain and Northern Ireland","5910","Export quantity","F0875","Beef and veal preparations nes","2010","2010","t","7","A","Official figure"
"TM","Detailed trade matrix","036","Australia","826","United Kingdom of Great Britain and Northern Ireland","5910","Export quantity","F0875","Beef and veal preparations nes","2011","2011","t","13","A","Official figure"
"TM","Detailed trade matrix","036","Australia","826","United Kingdom of Great Britain and Northern Ireland","5910","Export quantity","F0875","Beef and veal preparations nes","2012","2012","t","3","A","Official figure"
"TM","Detailed trade matrix","040","Austria","826","United Kingdom of Great Britain and Northern Ireland","5910","Export quantity","F0875","Beef and veal preparations nes","2010","2010","t","0","A","Official figure"
"TM","Detailed trade matrix","040","Austria","826","United Kingdom of Great Britain and Northern Ireland","5910","Export quantity","F0875","Beef and veal preparations nes","2011","2011","t","17","A","Official figure"
"TM","Detailed trade matrix","040","Austria","826","United Kingdom of Great Britain and Northern Ireland","5910","Export quantity","F0875","Beef and veal preparations nes","2012","2012","t","138","A","Official figure"
"TM","Detailed trade matrix","040","Austria","826","United Kingdom of Great Britain and Northern Ireland","5910","Export quantity","F0875","Beef and veal preparations nes","2013","2013","t","101","A","Official figure"
"TM","Detailed trade matrix","040","Austria","826","United Kingdom of Great Britain and Northern Ireland","5910","Export quantity","F0875","Beef and veal preparations nes","2014","2014","t","16.8","A","Official figure"
"TM","Detailed trade matrix","040","Austria","826","United Kingdom of Great Britain and Northern Ireland","5910","Export quantity","F0875","Beef and veal preparations nes","2015","2015","t","4.5","A","Official figure"
"TM","Detailed trade matrix","040","Austria","826","United Kingdom of Great Britain and Northern Ireland","5910","Export quantity","F0875","Beef and veal preparations nes","2016","2016","t","2.8","A","Official figure"
"TM","Detailed trade matrix","040","Austria","826","United Kingdom of Great Britain and Northern Ireland","5910","Export quantity","F0875","Beef and veal preparations nes","2017","2017","t","0.5","A","Official figure"
"TM","Detailed trade matrix","040","Austria","826","United Kingdom of Great Britain and Northern Ireland","5910","Export quantity","F0875","Beef and veal preparations nes","2018","2018","t","0.05","A","Official figure"
"TM","Detailed trade matrix","040","Austria","826","United Kingdom of Great Britain and Northern Ireland","5910","Export quantity","F0875","Beef and veal preparations nes","2019","2019","t","0.05","A","Official figure"
"TM","Detailed trade matrix","040","Austria","826","United Kingdom of Great Britain and Northern Ireland","5910","Export quantity","F0875","Beef and veal preparations nes","2020","2020","t","1.17","A","Official figure"
"TM","Detailed trade matrix","048","Bahrain","826","United Kingdom of Great Britain and Northern Ireland","5910","Export quantity","F0875","Beef and veal preparations nes","2013","2013","t","0","A","Official figure"
"TM","Detailed trade matrix","048","Bahrain","826","United Kingdom of Great Britain and Northern Ireland","5910","Export quantity","F0875","Beef and veal preparations nes","2014","2014","t","0.17","A","Official figure"
"TM","Detailed trade matrix","048","Bahrain","826","United Kingdom of Great Britain and Northern Ireland","5910","Export quantity","F0875","Beef and veal preparations nes","2015","2015","t","0.11","A","Official figure"
"TM","Detailed trade matrix","048","Bahrain","826","United Kingdom of Great Britain and Northern Ireland","5910","Export quantity","F0875","Beef and veal preparations nes","2016","2016","t","0.07","A","Official figure"
"TM","Detailed trade matrix","048","Bahrain","826","United Kingdom of Great Britain and Northern Ireland","5910","Export quantity","F0875","Beef and veal preparations nes","2017","2017","t","0.1","A","Official figure"
"TM","Detailed trade matrix","048","Bahrain","826","United Kingdom of Great Britain and Northern Ireland","5910","Export quantity","F0875","Beef and veal preparations nes","2020","2020","t","0.16","A","Official figure"
"TM","Detailed trade matrix","056","Belgium","826","United Kingdom of Great Britain and Northern Ireland","5910","Export quantity","F0875","Beef and veal preparations nes","2010","2010","t","1140","A","Official figure"
"TM","Detailed trade matrix","056","Belgium","826","United Kingdom of Great Britain and Northern Ireland","5910","Export quantity","F0875","Beef and veal preparations nes","2011","2011","t","1089","A","Official figure"
"TM","Detailed trade matrix","056","Belgium","826","United Kingdom of Great Britain and Northern Ireland","5910","Export quantity","F0875","Beef and veal preparations nes","2012","2012","t","649","A","Official figure"
"TM","Detailed trade matrix","056","Belgium","826","United Kingdom of Great Britain and Northern Ireland","5910","Export quantity","F0875","Beef and veal preparations nes","2013","2013","t","972","A","Official figure"
"TM","Detailed trade matrix","056","Belgium","826","United Kingdom of Great Britain and Northern Ireland","5910","Export quantity","F0875","Beef and veal preparations nes","2014","2014","t","1177.4","A","Official figure"
"TM","Detailed trade matrix","056","Belgium","826","United Kingdom of Great Britain and Northern Ireland","5910","Export quantity","F0875","Beef and veal preparations nes","2015","2015","t","3109.9","A","Official figure"
"TM","Detailed trade matrix","056","Belgium","826","United Kingdom of Great Britain and Northern Ireland","5910","Export quantity","F0875","Beef and veal preparations nes","2016","2016","t","578.2","A","Official figure"
"TM","Detailed trade matrix","056","Belgium","826","United Kingdom of Great Britain and Northern Ireland","5910","Export quantity","F0875","Beef and veal preparations nes","2017","2017","t","716.61","A","Official figure"
"TM","Detailed trade matrix","056","Belgium","826","United Kingdom of Great Britain and Northern Ireland","5910","Export quantity","F0875","Beef and veal preparations nes","2018","2018","t","968.44","A","Official figure"
"TM","Detailed trade matrix","056","Belgium","826","United Kingdom of Great Britain and Northern Ireland","5910","Export quantity","F0875","Beef and veal preparations nes","2019","2019","t","1063.21","A","Official figure"
"TM","Detailed trade matrix","056","Belgium","826","United Kingdom of Great Britain and Northern Ireland","5910","Export quantity","F0875","Beef and veal preparations nes","2020","2020","t","630.53","A","Official figure"
"TM","Detailed trade matrix","072","Botswana","826","United Kingdom of Great Britain and Northern Ireland","5910","Export quantity","F0875","Beef and veal preparations nes","2010","2010","t","55","A","Official figure"
"TM","Detailed trade matrix","076","Brazil","826","United Kingdom of Great Britain and Northern Ireland","5910","Export quantity","F0875","Beef and veal preparations nes","2010","2010","t","42473","A","Official figure"
"TM","Detailed trade matrix","076","Brazil","826","United Kingdom of Great Britain and Northern Ireland","5910","Export quantity","F0875","Beef and veal preparations nes","2011","2011","t","33210","A","Official figure"
"TM","Detailed trade matrix","076","Brazil","826","United Kingdom of Great Britain and Northern Ireland","5910","Export quantity","F0875","Beef and veal preparations nes","2012","2012","t","32680","A","Official figure"
"TM","Detailed trade matrix","076","Brazil","826","United Kingdom of Great Britain and Northern Ireland","5910","Export quantity","F0875","Beef and veal preparations nes","2013","2013","t","30756","A","Official figure"
"TM","Detailed trade matrix","076","Brazil","826","United Kingdom of Great Britain and Northern Ireland","5910","Export quantity","F0875","Beef and veal preparations nes","2014","2014","t","30324.15","A","Official figure"
"TM","Detailed trade matrix","076","Brazil","826","United Kingdom of Great Britain and Northern Ireland","5910","Export quantity","F0875","Beef and veal preparations nes","2015","2015","t","24928.3","A","Official figure"
"TM","Detailed trade matrix","076","Brazil","826","United Kingdom of Great Britain and Northern Ireland","5910","Export quantity","F0875","Beef and veal preparations nes","2016","2016","t","27102.94","A","Official figure"
"TM","Detailed trade matrix","076","Brazil","826","United Kingdom of Great Britain and Northern Ireland","5910","Export quantity","F0875","Beef and veal preparations nes","2017","2017","t","22909.83","A","Official figure"
"TM","Detailed trade matrix","076","Brazil","826","United Kingdom of Great Britain and Northern Ireland","5910","Export quantity","F0875","Beef and veal preparations nes","2018","2018","t","23595.32","A","Official figure"
"TM","Detailed trade matrix","076","Brazil","826","United Kingdom of Great Britain and Northern Ireland","5910","Export quantity","F0875","Beef and veal preparations nes","2019","2019","t","21039.6","A","Official figure"
"TM","Detailed trade matrix","076","Brazil","826","United Kingdom of Great Britain and Northern Ireland","5910","Export quantity","F0875","Beef and veal preparations nes","2020","2020","t","23331.53","A","Official figure"
"TM","Detailed trade matrix","096","Brunei Darussalam","826","United Kingdom of Great Britain and Northern Ireland","5910","Export quantity","F0875","Beef and veal preparations nes","2015","2015","t","0","A","Official figure"
"TM","Detailed trade matrix","100","Bulgaria","826","United Kingdom of Great Britain and Northern Ireland","5910","Export quantity","F0875","Beef and veal preparations nes","2010","2010","t","2","A","Official figure"
"TM","Detailed trade matrix","100","Bulgaria","826","United Kingdom of Great Britain and Northern Ireland","5910","Export quantity","F0875","Beef and veal preparations nes","2011","2011","t","2","A","Official figure"
"TM","Detailed trade matrix","100","Bulgaria","826","United Kingdom of Great Britain and Northern Ireland","5910","Export quantity","F0875","Beef and veal preparations nes","2012","2012","t","3","A","Official figure"
"TM","Detailed trade matrix","100","Bulgaria","826","United Kingdom of Great Britain and Northern Ireland","5910","Export quantity","F0875","Beef and veal preparations nes","2013","2013","t","2","A","Official figure"
"TM","Detailed trade matrix","100","Bulgaria","826","United Kingdom of Great Britain and Northern Ireland","5910","Export quantity","F0875","Beef and veal preparations nes","2014","2014","t","12","A","Official figure"
"TM","Detailed trade matrix","100","Bulgaria","826","United Kingdom of Great Britain and Northern Ireland","5910","Export quantity","F0875","Beef and veal preparations nes","2015","2015","t","15.5","A","Official figure"
"TM","Detailed trade matrix","100","Bulgaria","826","United Kingdom of Great Britain and Northern Ireland","5910","Export quantity","F0875","Beef and veal preparations nes","2016","2016","t","23.32","A","Official figure"
"TM","Detailed trade matrix","100","Bulgaria","826","United Kingdom of Great Britain and Northern Ireland","5910","Export quantity","F0875","Beef and veal preparations nes","2017","2017","t","40.21","A","Official figure"
"TM","Detailed trade matrix","100","Bulgaria","826","United Kingdom of Great Britain and Northern Ireland","5910","Export quantity","F0875","Beef and veal preparations nes","2018","2018","t","34.44","A","Official figure"
"TM","Detailed trade matrix","100","Bulgaria","826","United Kingdom of Great Britain and Northern Ireland","5910","Export quantity","F0875","Beef and veal preparations nes","2019","2019","t","36.25","A","Official figure"
"TM","Detailed trade matrix","100","Bulgaria","826","United Kingdom of Great Britain and Northern Ireland","5910","Export quantity","F0875","Beef and veal preparations nes","2020","2020","t","28.96","A","Official figure"
"TM","Detailed trade matrix","156","China, mainland","826","United Kingdom of Great Britain and Northern Ireland","5910","Export quantity","F0875","Beef and veal preparations nes","2013","2013","t","1","A","Official figure"
"TM","Detailed trade matrix","156","China, mainland","826","United Kingdom of Great Britain and Northern Ireland","5910","Export quantity","F0875","Beef and veal preparations nes","2014","2014","t","0.28","A","Official figure"
"TM","Detailed trade matrix","191","Croatia","826","United Kingdom of Great Britain and Northern Ireland","5910","Export quantity","F0875","Beef and veal preparations nes","2010","2010","t","11","A","Official figure"
"TM","Detailed trade matrix","191","Croatia","826","United Kingdom of Great Britain and Northern Ireland","5910","Export quantity","F0875","Beef and veal preparations nes","2011","2011","t","4","A","Official figure"
"TM","Detailed trade matrix","191","Croatia","826","United Kingdom of Great Britain and Northern Ireland","5910","Export quantity","F0875","Beef and veal preparations nes","2012","2012","t","14","A","Official figure"
"TM","Detailed trade matrix","191","Croatia","826","United Kingdom of Great Britain and Northern Ireland","5910","Export quantity","F0875","Beef and veal preparations nes","2013","2013","t","13","A","Official figure"
"TM","Detailed trade matrix","191","Croatia","826","United Kingdom of Great Britain and Northern Ireland","5910","Export quantity","F0875","Beef and veal preparations nes","2014","2014","t","9.6","A","Official figure"
"TM","Detailed trade matrix","191","Croatia","826","United Kingdom of Great Britain and Northern Ireland","5910","Export quantity","F0875","Beef and veal preparations nes","2015","2015","t","17.4","A","Official figure"
"TM","Detailed trade matrix","191","Croatia","826","United Kingdom of Great Britain and Northern Ireland","5910","Export quantity","F0875","Beef and veal preparations nes","2016","2016","t","7.75","A","Official figure"
"TM","Detailed trade matrix","191","Croatia","826","United Kingdom of Great Britain and Northern Ireland","5910","Export quantity","F0875","Beef and veal preparations nes","2017","2017","t","14.15","A","Official figure"
"TM","Detailed trade matrix","191","Croatia","826","United Kingdom of Great Britain and Northern Ireland","5910","Export quantity","F0875","Beef and veal preparations nes","2018","2018","t","41.93","A","Official figure"
"TM","Detailed trade matrix","191","Croatia","826","United Kingdom of Great Britain and Northern Ireland","5910","Export quantity","F0875","Beef and veal preparations nes","2019","2019","t","53.23","A","Official figure"
"TM","Detailed trade matrix","191","Croatia","826","United Kingdom of Great Britain and Northern Ireland","5910","Export quantity","F0875","Beef and veal preparations nes","2020","2020","t","64.56","A","Official figure"
"TM","Detailed trade matrix","203","Czechia","826","United Kingdom of Great Britain and Northern Ireland","5910","Export quantity","F0875","Beef and veal preparations nes","2010","2010","t","35","A","Official figure"
"TM","Detailed trade matrix","203","Czechia","826","United Kingdom of Great Britain and Northern Ireland","5910","Export quantity","F0875","Beef and veal preparations nes","2011","2011","t","2","A","Official figure"
"TM","Detailed trade matrix","203","Czechia","826","United Kingdom of Great Britain and Northern Ireland","5910","Export quantity","F0875","Beef and veal preparations nes","2012","2012","t","2","A","Official figure"
"TM","Detailed trade matrix","203","Czechia","826","United Kingdom of Great Britain and Northern Ireland","5910","Export quantity","F0875","Beef and veal preparations nes","2013","2013","t","6","A","Official figure"
"TM","Detailed trade matrix","203","Czechia","826","United Kingdom of Great Britain and Northern Ireland","5910","Export quantity","F0875","Beef and veal preparations nes","2014","2014","t","34.8","A","Official figure"
"TM","Detailed trade matrix","203","Czechia","826","United Kingdom of Great Britain and Northern Ireland","5910","Export quantity","F0875","Beef and veal preparations nes","2015","2015","t","2.7","A","Official figure"
"TM","Detailed trade matrix","203","Czechia","826","United Kingdom of Great Britain and Northern Ireland","5910","Export quantity","F0875","Beef and veal preparations nes","2016","2016","t","0.61","A","Official figure"
"TM","Detailed trade matrix","203","Czechia","826","United Kingdom of Great Britain and Northern Ireland","5910","Export quantity","F0875","Beef and veal preparations nes","2017","2017","t","0.24","A","Official figure"
"TM","Detailed trade matrix","203","Czechia","826","United Kingdom of Great Britain and Northern Ireland","5910","Export quantity","F0875","Beef and veal preparations nes","2018","2018","t","0.2","A","Official figure"
"TM","Detailed trade matrix","203","Czechia","826","United Kingdom of Great Britain and Northern Ireland","5910","Export quantity","F0875","Beef and veal preparations nes","2019","2019","t","1.06","A","Official figure"
"TM","Detailed trade matrix","203","Czechia","826","United Kingdom of Great Britain and Northern Ireland","5910","Export quantity","F0875","Beef and veal preparations nes","2020","2020","t","0.81","A","Official figure"
"TM","Detailed trade matrix","208","Denmark","826","United Kingdom of Great Britain and Northern Ireland","5910","Export quantity","F0875","Beef and veal preparations nes","2010","2010","t","2549","A","Official figure"
"TM","Detailed trade matrix","208","Denmark","826","United Kingdom of Great Britain and Northern Ireland","5910","Export quantity","F0875","Beef and veal preparations nes","2011","2011","t","3374","A","Official figure"
"TM","Detailed trade matrix","208","Denmark","826","United Kingdom of Great Britain and Northern Ireland","5910","Export quantity","F0875","Beef and veal preparations nes","2012","2012","t","3177","A","Official figure"
"TM","Detailed trade matrix","208","Denmark","826","United Kingdom of Great Britain and Northern Ireland","5910","Export quantity","F0875","Beef and veal preparations nes","2013","2013","t","2282","A","Official figure"
"TM","Detailed trade matrix","208","Denmark","826","United Kingdom of Great Britain and Northern Ireland","5910","Export quantity","F0875","Beef and veal preparations nes","2014","2014","t","2477.9","A","Official figure"
"TM","Detailed trade matrix","208","Denmark","826","United Kingdom of Great Britain and Northern Ireland","5910","Export quantity","F0875","Beef and veal preparations nes","2015","2015","t","2600.2","A","Official figure"
"TM","Detailed trade matrix","208","Denmark","826","United Kingdom of Great Britain and Northern Ireland","5910","Export quantity","F0875","Beef and veal preparations nes","2016","2016","t","1588.57","A","Official figure"
"TM","Detailed trade matrix","208","Denmark","826","United Kingdom of Great Britain and Northern Ireland","5910","Export quantity","F0875","Beef and veal preparations nes","2017","2017","t","1861.63","A","Official figure"
"TM","Detailed trade matrix","208","Denmark","826","United Kingdom of Great Britain and Northern Ireland","5910","Export quantity","F0875","Beef and veal preparations nes","2018","2018","t","1960.56","A","Official figure"
"TM","Detailed trade matrix","208","Denmark","826","United Kingdom of Great Britain and Northern Ireland","5910","Export quantity","F0875","Beef and veal preparations nes","2019","2019","t","1925.79","A","Official figure"
"TM","Detailed trade matrix","208","Denmark","826","United Kingdom of Great Britain and Northern Ireland","5910","Export quantity","F0875","Beef and veal preparations nes","2020","2020","t","3045.64","A","Official figure"
"TM","Detailed trade matrix","214","Dominican Republic","826","United Kingdom of Great Britain and Northern Ireland","5910","Export quantity","F0875","Beef and veal preparations nes","2019","2019","t","0.06","A","Official figure"
"TM","Detailed trade matrix","233","Estonia","826","United Kingdom of Great Britain and Northern Ireland","5910","Export quantity","F0875","Beef and veal preparations nes","2010","2010","t","3","A","Official figure"
"TM","Detailed trade matrix","233","Estonia","826","United Kingdom of Great Britain and Northern Ireland","5910","Export quantity","F0875","Beef and veal preparations nes","2011","2011","t","6","A","Official figure"
"TM","Detailed trade matrix","233","Estonia","826","United Kingdom of Great Britain and Northern Ireland","5910","Export quantity","F0875","Beef and veal preparations nes","2012","2012","t","3","A","Official figure"
"TM","Detailed trade matrix","233","Estonia","826","United Kingdom of Great Britain and Northern Ireland","5910","Export quantity","F0875","Beef and veal preparations nes","2013","2013","t","3","A","Official figure"
"TM","Detailed trade matrix","233","Estonia","826","United Kingdom of Great Britain and Northern Ireland","5910","Export quantity","F0875","Beef and veal preparations nes","2014","2014","t","6","A","Official figure"
"TM","Detailed trade matrix","233","Estonia","826","United Kingdom of Great Britain and Northern Ireland","5910","Export quantity","F0875","Beef and veal preparations nes","2015","2015","t","12.2","A","Official figure"
"TM","Detailed trade matrix","233","Estonia","826","United Kingdom of Great Britain and Northern Ireland","5910","Export quantity","F0875","Beef and veal preparations nes","2016","2016","t","21.19","A","Official figure"
"TM","Detailed trade matrix","233","Estonia","826","United Kingdom of Great Britain and Northern Ireland","5910","Export quantity","F0875","Beef and veal preparations nes","2017","2017","t","9.7","A","Official figure"
"TM","Detailed trade matrix","233","Estonia","826","United Kingdom of Great Britain and Northern Ireland","5910","Export quantity","F0875","Beef and veal preparations nes","2018","2018","t","0.14","A","Official figure"
"TM","Detailed trade matrix","233","Estonia","826","United Kingdom of Great Britain and Northern Ireland","5910","Export quantity","F0875","Beef and veal preparations nes","2019","2019","t","0.05","A","Official figure"
"TM","Detailed trade matrix","246","Finland","826","United Kingdom of Great Britain and Northern Ireland","5910","Export quantity","F0875","Beef and veal preparations nes","2010","2010","t","0","A","Official figure"
"TM","Detailed trade matrix","246","Finland","826","United Kingdom of Great Britain and Northern Ireland","5910","Export quantity","F0875","Beef and veal preparations nes","2011","2011","t","0","A","Official figure"
"TM","Detailed trade matrix","246","Finland","826","United Kingdom of Great Britain and Northern Ireland","5910","Export quantity","F0875","Beef and veal preparations nes","2012","2012","t","0","A","Official figure"
"TM","Detailed trade matrix","246","Finland","826","United Kingdom of Great Britain and Northern Ireland","5910","Export quantity","F0875","Beef and veal preparations nes","2013","2013","t","0","A","Official figure"
"TM","Detailed trade matrix","246","Finland","826","United Kingdom of Great Britain and Northern Ireland","5910","Export quantity","F0875","Beef and veal preparations nes","2014","2014","t","0.01","A","Official figure"
"TM","Detailed trade matrix","246","Finland","826","United Kingdom of Great Britain and Northern Ireland","5910","Export quantity","F0875","Beef and veal preparations nes","2017","2017","t","0","A","Official figure"
"TM","Detailed trade matrix","246","Finland","826","United Kingdom of Great Britain and Northern Ireland","5910","Export quantity","F0875","Beef and veal preparations nes","2019","2019","t","0.01","A","Official figure"
"TM","Detailed trade matrix","246","Finland","826","United Kingdom of Great Britain and Northern Ireland","5910","Export quantity","F0875","Beef and veal preparations nes","2020","2020","t","0.01","A","Official figure"
"TM","Detailed trade matrix","250","France","826","United Kingdom of Great Britain and Northern Ireland","5910","Export quantity","F0875","Beef and veal preparations nes","2010","2010","t","800","A","Official figure"
"TM","Detailed trade matrix","250","France","826","United Kingdom of Great Britain and Northern Ireland","5910","Export quantity","F0875","Beef and veal preparations nes","2011","2011","t","2982","A","Official figure"
"TM","Detailed trade matrix","250","France","826","United Kingdom of Great Britain and Northern Ireland","5910","Export quantity","F0875","Beef and veal preparations nes","2012","2012","t","3562","A","Official figure"
"TM","Detailed trade matrix","250","France","826","United Kingdom of Great Britain and Northern Ireland","5910","Export quantity","F0875","Beef and veal preparations nes","2013","2013","t","700","A","Official figure"
"TM","Detailed trade matrix","250","France","826","United Kingdom of Great Britain and Northern Ireland","5910","Export quantity","F0875","Beef and veal preparations nes","2014","2014","t","1388.5","A","Official figure"
"TM","Detailed trade matrix","250","France","826","United Kingdom of Great Britain and Northern Ireland","5910","Export quantity","F0875","Beef and veal preparations nes","2015","2015","t","4685.6","A","Official figure"
"TM","Detailed trade matrix","250","France","826","United Kingdom of Great Britain and Northern Ireland","5910","Export quantity","F0875","Beef and veal preparations nes","2016","2016","t","2832.92","A","Official figure"
"TM","Detailed trade matrix","250","France","826","United Kingdom of Great Britain and Northern Ireland","5910","Export quantity","F0875","Beef and veal preparations nes","2017","2017","t","4619.55","A","Official figure"
"TM","Detailed trade matrix","250","France","826","United Kingdom of Great Britain and Northern Ireland","5910","Export quantity","F0875","Beef and veal preparations nes","2018","2018","t","3273.54","A","Official figure"
"TM","Detailed trade matrix","250","France","826","United Kingdom of Great Britain and Northern Ireland","5910","Export quantity","F0875","Beef and veal preparations nes","2019","2019","t","2051.96","A","Official figure"
"TM","Detailed trade matrix","250","France","826","United Kingdom of Great Britain and Northern Ireland","5910","Export quantity","F0875","Beef and veal preparations nes","2020","2020","t","4173.12","A","Official figure"
"TM","Detailed trade matrix","276","Germany","826","United Kingdom of Great Britain and Northern Ireland","5910","Export quantity","F0875","Beef and veal preparations nes","2010","2010","t","1056","A","Official figure"
"TM","Detailed trade matrix","276","Germany","826","United Kingdom of Great Britain and Northern Ireland","5910","Export quantity","F0875","Beef and veal preparations nes","2011","2011","t","1115","A","Official figure"
"TM","Detailed trade matrix","276","Germany","826","United Kingdom of Great Britain and Northern Ireland","5910","Export quantity","F0875","Beef and veal preparations nes","2012","2012","t","762","A","Official figure"
"TM","Detailed trade matrix","276","Germany","826","United Kingdom of Great Britain and Northern Ireland","5910","Export quantity","F0875","Beef and veal preparations nes","2013","2013","t","885","A","Official figure"
"TM","Detailed trade matrix","276","Germany","826","United Kingdom of Great Britain and Northern Ireland","5910","Export quantity","F0875","Beef and veal preparations nes","2014","2014","t","552.7","A","Official figure"
"TM","Detailed trade matrix","276","Germany","826","United Kingdom of Great Britain and Northern Ireland","5910","Export quantity","F0875","Beef and veal preparations nes","2015","2015","t","442.4","A","Official figure"
"TM","Detailed trade matrix","276","Germany","826","United Kingdom of Great Britain and Northern Ireland","5910","Export quantity","F0875","Beef and veal preparations nes","2016","2016","t","406.52","A","Official figure"
"TM","Detailed trade matrix","276","Germany","826","United Kingdom of Great Britain and Northern Ireland","5910","Export quantity","F0875","Beef and veal preparations nes","2017","2017","t","1007.13","A","Official figure"
"TM","Detailed trade matrix","276","Germany","826","United Kingdom of Great Britain and Northern Ireland","5910","Export quantity","F0875","Beef and veal preparations nes","2018","2018","t","1284.68","A","Official figure"
"TM","Detailed trade matrix","276","Germany","826","United Kingdom of Great Britain and Northern Ireland","5910","Export quantity","F0875","Beef and veal preparations nes","2019","2019","t","1854.1","A","Official figure"
"TM","Detailed trade matrix","276","Germany","826","United Kingdom of Great Britain and Northern Ireland","5910","Export quantity","F0875","Beef and veal preparations nes","2020","2020","t","2026.08","A","Official figure"
"TM","Detailed trade matrix","300","Greece","826","United Kingdom of Great Britain and Northern Ireland","5910","Export quantity","F0875","Beef and veal preparations nes","2010","2010","t","2","A","Official figure"
"TM","Detailed trade matrix","300","Greece","826","United Kingdom of Great Britain and Northern Ireland","5910","Export quantity","F0875","Beef and veal preparations nes","2011","2011","t","3","A","Official figure"
"TM","Detailed trade matrix","300","Greece","826","United Kingdom of Great Britain and Northern Ireland","5910","Export quantity","F0875","Beef and veal preparations nes","2012","2012","t","14","A","Official figure"
"TM","Detailed trade matrix","300","Greece","826","United Kingdom of Great Britain and Northern Ireland","5910","Export quantity","F0875","Beef and veal preparations nes","2013","2013","t","13","A","Official figure"
"TM","Detailed trade matrix","300","Greece","826","United Kingdom of Great Britain and Northern Ireland","5910","Export quantity","F0875","Beef and veal preparations nes","2014","2014","t","11.7","A","Official figure"
"TM","Detailed trade matrix","300","Greece","826","United Kingdom of Great Britain and Northern Ireland","5910","Export quantity","F0875","Beef and veal preparations nes","2015","2015","t","13.4","A","Official figure"
"TM","Detailed trade matrix","300","Greece","826","United Kingdom of Great Britain and Northern Ireland","5910","Export quantity","F0875","Beef and veal preparations nes","2016","2016","t","19.24","A","Official figure"
"TM","Detailed trade matrix","300","Greece","826","United Kingdom of Great Britain and Northern Ireland","5910","Export quantity","F0875","Beef and veal preparations nes","2017","2017","t","23.83","A","Official figure"
"TM","Detailed trade matrix","300","Greece","826","United Kingdom of Great Britain and Northern Ireland","5910","Export quantity","F0875","Beef and veal preparations nes","2018","2018","t","35.15","A","Official figure"
"TM","Detailed trade matrix","300","Greece","826","United Kingdom of Great Britain and Northern Ireland","5910","Export quantity","F0875","Beef and veal preparations nes","2019","2019","t","42.45","A","Official figure"
"TM","Detailed trade matrix","300","Greece","826","United Kingdom of Great Britain and Northern Ireland","5910","Export quantity","F0875","Beef and veal preparations nes","2020","2020","t","56.53","A","Official figure"
"TM","Detailed trade matrix","348","Hungary","826","United Kingdom of Great Britain and Northern Ireland","5910","Export quantity","F0875","Beef and veal preparations nes","2010","2010","t","0","A","Official figure"
"TM","Detailed trade matrix","348","Hungary","826","United Kingdom of Great Britain and Northern Ireland","5910","Export quantity","F0875","Beef and veal preparations nes","2011","2011","t","0","A","Official figure"
"TM","Detailed trade matrix","348","Hungary","826","United Kingdom of Great Britain and Northern Ireland","5910","Export quantity","F0875","Beef and veal preparations nes","2012","2012","t","1","A","Official figure"
"TM","Detailed trade matrix","348","Hungary","826","United Kingdom of Great Britain and Northern Ireland","5910","Export quantity","F0875","Beef and veal preparations nes","2013","2013","t","1","A","Official figure"
"TM","Detailed trade matrix","348","Hungary","826","United Kingdom of Great Britain and Northern Ireland","5910","Export quantity","F0875","Beef and veal preparations nes","2014","2014","t","3.6","A","Official figure"
"TM","Detailed trade matrix","348","Hungary","826","United Kingdom of Great Britain and Northern Ireland","5910","Export quantity","F0875","Beef and veal preparations nes","2015","2015","t","2.7","A","Official figure"
"TM","Detailed trade matrix","348","Hungary","826","United Kingdom of Great Britain and Northern Ireland","5910","Export quantity","F0875","Beef and veal preparations nes","2016","2016","t","1.64","A","Official figure"
"TM","Detailed trade matrix","348","Hungary","826","United Kingdom of Great Britain and Northern Ireland","5910","Export quantity","F0875","Beef and veal preparations nes","2017","2017","t","3.5","A","Official figure"
"TM","Detailed trade matrix","348","Hungary","826","United Kingdom of Great Britain and Northern Ireland","5910","Export quantity","F0875","Beef and veal preparations nes","2018","2018","t","2.1","A","Official figure"
"TM","Detailed trade matrix","348","Hungary","826","United Kingdom of Great Britain and Northern Ireland","5910","Export quantity","F0875","Beef and veal preparations nes","2019","2019","t","1.36","A","Official figure"
"TM","Detailed trade matrix","348","Hungary","826","United Kingdom of Great Britain and Northern Ireland","5910","Export quantity","F0875","Beef and veal preparations nes","2020","2020","t","1.95","A","Official figure"
"TM","Detailed trade matrix","352","Iceland","826","United Kingdom of Great Britain and Northern Ireland","5910","Export quantity","F0875","Beef and veal preparations nes","2020","2020","t","0","A","Official figure"
"TM","Detailed trade matrix","372","Ireland","826","United Kingdom of Great Britain and Northern Ireland","5910","Export quantity","F0875","Beef and veal preparations nes","2010","2010","t","42289","A","Official figure"
"TM","Detailed trade matrix","372","Ireland","826","United Kingdom of Great Britain and Northern Ireland","5910","Export quantity","F0875","Beef and veal preparations nes","2011","2011","t","45864","A","Official figure"
"TM","Detailed trade matrix","372","Ireland","826","United Kingdom of Great Britain and Northern Ireland","5910","Export quantity","F0875","Beef and veal preparations nes","2012","2012","t","46492","A","Official figure"
"TM","Detailed trade matrix","372","Ireland","826","United Kingdom of Great Britain and Northern Ireland","5910","Export quantity","F0875","Beef and veal preparations nes","2013","2013","t","31006","A","Official figure"
"TM","Detailed trade matrix","372","Ireland","826","United Kingdom of Great Britain and Northern Ireland","5910","Export quantity","F0875","Beef and veal preparations nes","2014","2014","t","34574.1","A","Official figure"
"TM","Detailed trade matrix","372","Ireland","826","United Kingdom of Great Britain and Northern Ireland","5910","Export quantity","F0875","Beef and veal preparations nes","2015","2015","t","41167.6","A","Official figure"
"TM","Detailed trade matrix","372","Ireland","826","United Kingdom of Great Britain and Northern Ireland","5910","Export quantity","F0875","Beef and veal preparations nes","2016","2016","t","37579.77","A","Official figure"
"TM","Detailed trade matrix","372","Ireland","826","United Kingdom of Great Britain and Northern Ireland","5910","Export quantity","F0875","Beef and veal preparations nes","2017","2017","t","39764.75","A","Official figure"
"TM","Detailed trade matrix","372","Ireland","826","United Kingdom of Great Britain and Northern Ireland","5910","Export quantity","F0875","Beef and veal preparations nes","2018","2018","t","35703.93","A","Official figure"
"TM","Detailed trade matrix","372","Ireland","826","United Kingdom of Great Britain and Northern Ireland","5910","Export quantity","F0875","Beef and veal preparations nes","2019","2019","t","25811.12","A","Official figure"
"TM","Detailed trade matrix","372","Ireland","826","United Kingdom of Great Britain and Northern Ireland","5910","Export quantity","F0875","Beef and veal preparations nes","2020","2020","t","23654.89","A","Official figure"
"TM","Detailed trade matrix","380","Italy","826","United Kingdom of Great Britain and Northern Ireland","5910","Export quantity","F0875","Beef and veal preparations nes","2010","2010","t","21","A","Official figure"
"TM","Detailed trade matrix","380","Italy","826","United Kingdom of Great Britain and Northern Ireland","5910","Export quantity","F0875","Beef and veal preparations nes","2011","2011","t","162","A","Official figure"
"TM","Detailed trade matrix","380","Italy","826","United Kingdom of Great Britain and Northern Ireland","5910","Export quantity","F0875","Beef and veal preparations nes","2012","2012","t","60","A","Official figure"
"TM","Detailed trade matrix","380","Italy","826","United Kingdom of Great Britain and Northern Ireland","5910","Export quantity","F0875","Beef and veal preparations nes","2013","2013","t","10","A","Official figure"
"TM","Detailed trade matrix","380","Italy","826","United Kingdom of Great Britain and Northern Ireland","5910","Export quantity","F0875","Beef and veal preparations nes","2014","2014","t","18.9","A","Official figure"
"TM","Detailed trade matrix","380","Italy","826","United Kingdom of Great Britain and Northern Ireland","5910","Export quantity","F0875","Beef and veal preparations nes","2015","2015","t","45.8","A","Official figure"
"TM","Detailed trade matrix","380","Italy","826","United Kingdom of Great Britain and Northern Ireland","5910","Export quantity","F0875","Beef and veal preparations nes","2016","2016","t","185.12","A","Official figure"
"TM","Detailed trade matrix","380","Italy","826","United Kingdom of Great Britain and Northern Ireland","5910","Export quantity","F0875","Beef and veal preparations nes","2017","2017","t","220.52","A","Official figure"
"TM","Detailed trade matrix","380","Italy","826","United Kingdom of Great Britain and Northern Ireland","5910","Export quantity","F0875","Beef and veal preparations nes","2018","2018","t","339.2","A","Official figure"
"TM","Detailed trade matrix","380","Italy","826","United Kingdom of Great Britain and Northern Ireland","5910","Export quantity","F0875","Beef and veal preparations nes","2019","2019","t","590.56","A","Official figure"
"TM","Detailed trade matrix","380","Italy","826","United Kingdom of Great Britain and Northern Ireland","5910","Export quantity","F0875","Beef and veal preparations nes","2020","2020","t","479.09","A","Official figure"
"TM","Detailed trade matrix","388","Jamaica","826","United Kingdom of Great Britain and Northern Ireland","5910","Export quantity","F0875","Beef and veal preparations nes","2010","2010","t","0","A","Official figure"
"TM","Detailed trade matrix","388","Jamaica","826","United Kingdom of Great Britain and Northern Ireland","5910","Export quantity","F0875","Beef and veal preparations nes","2012","2012","t","1","A","Official figure"
"TM","Detailed trade matrix","388","Jamaica","826","United Kingdom of Great Britain and Northern Ireland","5910","Export quantity","F0875","Beef and veal preparations nes","2013","2013","t","2","A","Official figure"
"TM","Detailed trade matrix","428","Latvia","826","United Kingdom of Great Britain and Northern Ireland","5910","Export quantity","F0875","Beef and veal preparations nes","2010","2010","t","1","A","Official figure"
"TM","Detailed trade matrix","428","Latvia","826","United Kingdom of Great Britain and Northern Ireland","5910","Export quantity","F0875","Beef and veal preparations nes","2011","2011","t","3","A","Official figure"
"TM","Detailed trade matrix","428","Latvia","826","United Kingdom of Great Britain and Northern Ireland","5910","Export quantity","F0875","Beef and veal preparations nes","2012","2012","t","1","A","Official figure"
"TM","Detailed trade matrix","428","Latvia","826","United Kingdom of Great Britain and Northern Ireland","5910","Export quantity","F0875","Beef and veal preparations nes","2013","2013","t","1","A","Official figure"
"TM","Detailed trade matrix","428","Latvia","826","United Kingdom of Great Britain and Northern Ireland","5910","Export quantity","F0875","Beef and veal preparations nes","2014","2014","t","2.65","A","Official figure"
"TM","Detailed trade matrix","428","Latvia","826","United Kingdom of Great Britain and Northern Ireland","5910","Export quantity","F0875","Beef and veal preparations nes","2015","2015","t","14.6","A","Official figure"
"TM","Detailed trade matrix","428","Latvia","826","United Kingdom of Great Britain and Northern Ireland","5910","Export quantity","F0875","Beef and veal preparations nes","2016","2016","t","4.14","A","Official figure"
"TM","Detailed trade matrix","428","Latvia","826","United Kingdom of Great Britain and Northern Ireland","5910","Export quantity","F0875","Beef and veal preparations nes","2017","2017","t","0.63","A","Official figure"
"TM","Detailed trade matrix","428","Latvia","826","United Kingdom of Great Britain and Northern Ireland","5910","Export quantity","F0875","Beef and veal preparations nes","2019","2019","t","0.24","A","Official figure"
"TM","Detailed trade matrix","428","Latvia","826","United Kingdom of Great Britain and Northern Ireland","5910","Export quantity","F0875","Beef and veal preparations nes","2020","2020","t","1.66","A","Official figure"
"TM","Detailed trade matrix","422","Lebanon","826","United Kingdom of Great Britain and Northern Ireland","5910","Export quantity","F0875","Beef and veal preparations nes","2010","2010","t","0","A","Official figure"
"TM","Detailed trade matrix","422","Lebanon","826","United Kingdom of Great Britain and Northern Ireland","5910","Export quantity","F0875","Beef and veal preparations nes","2011","2011","t","0","A","Official figure"
"TM","Detailed trade matrix","422","Lebanon","826","United Kingdom of Great Britain and Northern Ireland","5910","Export quantity","F0875","Beef and veal preparations nes","2012","2012","t","1","A","Official figure"
"TM","Detailed trade matrix","422","Lebanon","826","United Kingdom of Great Britain and Northern Ireland","5910","Export quantity","F0875","Beef and veal preparations nes","2014","2014","t","3.92","A","Official figure"
"TM","Detailed trade matrix","422","Lebanon","826","United Kingdom of Great Britain and Northern Ireland","5910","Export quantity","F0875","Beef and veal preparations nes","2015","2015","t","1.32","A","Official figure"
"TM","Detailed trade matrix","440","Lithuania","826","United Kingdom of Great Britain and Northern Ireland","5910","Export quantity","F0875","Beef and veal preparations nes","2010","2010","t","1","A","Official figure"
"TM","Detailed trade matrix","440","Lithuania","826","United Kingdom of Great Britain and Northern Ireland","5910","Export quantity","F0875","Beef and veal preparations nes","2011","2011","t","2","A","Official figure"
"TM","Detailed trade matrix","440","Lithuania","826","United Kingdom of Great Britain and Northern Ireland","5910","Export quantity","F0875","Beef and veal preparations nes","2012","2012","t","3","A","Official figure"
"TM","Detailed trade matrix","440","Lithuania","826","United Kingdom of Great Britain and Northern Ireland","5910","Export quantity","F0875","Beef and veal preparations nes","2013","2013","t","2","A","Official figure"
"TM","Detailed trade matrix","440","Lithuania","826","United Kingdom of Great Britain and Northern Ireland","5910","Export quantity","F0875","Beef and veal preparations nes","2014","2014","t","1.3","A","Official figure"
"TM","Detailed trade matrix","440","Lithuania","826","United Kingdom of Great Britain and Northern Ireland","5910","Export quantity","F0875","Beef and veal preparations nes","2015","2015","t","2.1","A","Official figure"
"TM","Detailed trade matrix","440","Lithuania","826","United Kingdom of Great Britain and Northern Ireland","5910","Export quantity","F0875","Beef and veal preparations nes","2016","2016","t","3.23","A","Official figure"
"TM","Detailed trade matrix","440","Lithuania","826","United Kingdom of Great Britain and Northern Ireland","5910","Export quantity","F0875","Beef and veal preparations nes","2017","2017","t","1.92","A","Official figure"
"TM","Detailed trade matrix","440","Lithuania","826","United Kingdom of Great Britain and Northern Ireland","5910","Export quantity","F0875","Beef and veal preparations nes","2018","2018","t","3.81","A","Official figure"
"TM","Detailed trade matrix","440","Lithuania","826","United Kingdom of Great Britain and Northern Ireland","5910","Export quantity","F0875","Beef and veal preparations nes","2019","2019","t","1.3","A","Official figure"
"TM","Detailed trade matrix","440","Lithuania","826","United Kingdom of Great Britain and Northern Ireland","5910","Export quantity","F0875","Beef and veal preparations nes","2020","2020","t","3.36","A","Official figure"
"TM","Detailed trade matrix","442","Luxembourg","826","United Kingdom of Great Britain and Northern Ireland","5910","Export quantity","F0875","Beef and veal preparations nes","2014","2014","t","0","A","Official figure"
"TM","Detailed trade matrix","470","Malta","826","United Kingdom of Great Britain and Northern Ireland","5910","Export quantity","F0875","Beef and veal preparations nes","2018","2018","t","0.08","A","Official figure"
"TM","Detailed trade matrix","508","Mozambique","826","United Kingdom of Great Britain and Northern Ireland","5910","Export quantity","F0875","Beef and veal preparations nes","2020","2020","t","0.08","A","Official figure"
"TM","Detailed trade matrix","516","Namibia","826","United Kingdom of Great Britain and Northern Ireland","5910","Export quantity","F0875","Beef and veal preparations nes","2012","2012","t","0","A","Official figure"
"TM","Detailed trade matrix","516","Namibia","826","United Kingdom of Great Britain and Northern Ireland","5910","Export quantity","F0875","Beef and veal preparations nes","2013","2013","t","0","A","Official figure"
"TM","Detailed trade matrix","516","Namibia","826","United Kingdom of Great Britain and Northern Ireland","5910","Export quantity","F0875","Beef and veal preparations nes","2014","2014","t","0.02","A","Official figure"
"TM","Detailed trade matrix","516","Namibia","826","United Kingdom of Great Britain and Northern Ireland","5910","Export quantity","F0875","Beef and veal preparations nes","2015","2015","t","82.62","A","Official figure"
"TM","Detailed trade matrix","516","Namibia","826","United Kingdom of Great Britain and Northern Ireland","5910","Export quantity","F0875","Beef and veal preparations nes","2016","2016","t","188.7","A","Official figure"
"TM","Detailed trade matrix","528","Netherlands (Kingdom of the)","826","United Kingdom of Great Britain and Northern Ireland","5910","Export quantity","F0875","Beef and veal preparations nes","2010","2010","t","529","A","Official figure"
"TM","Detailed trade matrix","528","Netherlands (Kingdom of the)","826","United Kingdom of Great Britain and Northern Ireland","5910","Export quantity","F0875","Beef and veal preparations nes","2011","2011","t","4906","A","Official figure"
"TM","Detailed trade matrix","528","Netherlands (Kingdom of the)","826","United Kingdom of Great Britain and Northern Ireland","5910","Export quantity","F0875","Beef and veal preparations nes","2012","2012","t","2175","A","Official figure"
"TM","Detailed trade matrix","528","Netherlands (Kingdom of the)","826","United Kingdom of Great Britain and Northern Ireland","5910","Export quantity","F0875","Beef and veal preparations nes","2013","2013","t","333","A","Official figure"
"TM","Detailed trade matrix","528","Netherlands (Kingdom of the)","826","United Kingdom of Great Britain and Northern Ireland","5910","Export quantity","F0875","Beef and veal preparations nes","2014","2014","t","2250.7","A","Official figure"
"TM","Detailed trade matrix","528","Netherlands (Kingdom of the)","826","United Kingdom of Great Britain and Northern Ireland","5910","Export quantity","F0875","Beef and veal preparations nes","2015","2015","t","341.4","A","Official figure"
"TM","Detailed trade matrix","528","Netherlands (Kingdom of the)","826","United Kingdom of Great Britain and Northern Ireland","5910","Export quantity","F0875","Beef and veal preparations nes","2016","2016","t","670.19","A","Official figure"
"TM","Detailed trade matrix","528","Netherlands (Kingdom of the)","826","United Kingdom of Great Britain and Northern Ireland","5910","Export quantity","F0875","Beef and veal preparations nes","2017","2017","t","1110.22","A","Official figure"
"TM","Detailed trade matrix","528","Netherlands (Kingdom of the)","826","United Kingdom of Great Britain and Northern Ireland","5910","Export quantity","F0875","Beef and veal preparations nes","2018","2018","t","1171.91","A","Official figure"
"TM","Detailed trade matrix","528","Netherlands (Kingdom of the)","826","United Kingdom of Great Britain and Northern Ireland","5910","Export quantity","F0875","Beef and veal preparations nes","2019","2019","t","1232.91","A","Official figure"
"TM","Detailed trade matrix","528","Netherlands (Kingdom of the)","826","United Kingdom of Great Britain and Northern Ireland","5910","Export quantity","F0875","Beef and veal preparations nes","2020","2020","t","844.14","A","Official figure"
"TM","Detailed trade matrix","554","New Zealand","826","United Kingdom of Great Britain and Northern Ireland","5910","Export quantity","F0875","Beef and veal preparations nes","2010","2010","t","0","A","Official figure"
"TM","Detailed trade matrix","554","New Zealand","826","United Kingdom of Great Britain and Northern Ireland","5910","Export quantity","F0875","Beef and veal preparations nes","2012","2012","t","66","A","Official figure"
"TM","Detailed trade matrix","554","New Zealand","826","United Kingdom of Great Britain and Northern Ireland","5910","Export quantity","F0875","Beef and veal preparations nes","2013","2013","t","34","A","Official figure"
"TM","Detailed trade matrix","554","New Zealand","826","United Kingdom of Great Britain and Northern Ireland","5910","Export quantity","F0875","Beef and veal preparations nes","2015","2015","t","3.49","A","Official figure"
"TM","Detailed trade matrix","554","New Zealand","826","United Kingdom of Great Britain and Northern Ireland","5910","Export quantity","F0875","Beef and veal preparations nes","2016","2016","t","29.44","A","Official figure"
"TM","Detailed trade matrix","554","New Zealand","826","United Kingdom of Great Britain and Northern Ireland","5910","Export quantity","F0875","Beef and veal preparations nes","2017","2017","t","57.88","A","Official figure"
"TM","Detailed trade matrix","554","New Zealand","826","United Kingdom of Great Britain and Northern Ireland","5910","Export quantity","F0875","Beef and veal preparations nes","2018","2018","t","34.02","A","Official figure"
"TM","Detailed trade matrix","554","New Zealand","826","United Kingdom of Great Britain and Northern Ireland","5910","Export quantity","F0875","Beef and veal preparations nes","2019","2019","t","19.16","A","Official figure"
"TM","Detailed trade matrix","554","New Zealand","826","United Kingdom of Great Britain and Northern Ireland","5910","Export quantity","F0875","Beef and veal preparations nes","2020","2020","t","22.81","A","Official figure"
"TM","Detailed trade matrix","578","Norway","826","United Kingdom of Great Britain and Northern Ireland","5910","Export quantity","F0875","Beef and veal preparations nes","2010","2010","t","0","A","Official figure"
"TM","Detailed trade matrix","578","Norway","826","United Kingdom of Great Britain and Northern Ireland","5910","Export quantity","F0875","Beef and veal preparations nes","2011","2011","t","2","A","Official figure"
"TM","Detailed trade matrix","578","Norway","826","United Kingdom of Great Britain and Northern Ireland","5910","Export quantity","F0875","Beef and veal preparations nes","2012","2012","t","3","A","Official figure"
"TM","Detailed trade matrix","578","Norway","826","United Kingdom of Great Britain and Northern Ireland","5910","Export quantity","F0875","Beef and veal preparations nes","2013","2013","t","4","A","Official figure"
"TM","Detailed trade matrix","578","Norway","826","United Kingdom of Great Britain and Northern Ireland","5910","Export quantity","F0875","Beef and veal preparations nes","2014","2014","t","0.5","A","Official figure"
"TM","Detailed trade matrix","578","Norway","826","United Kingdom of Great Britain and Northern Ireland","5910","Export quantity","F0875","Beef and veal preparations nes","2017","2017","t","5.8","A","Official figure"
"TM","Detailed trade matrix","608","Philippines","826","United Kingdom of Great Britain and Northern Ireland","5910","Export quantity","F0875","Beef and veal preparations nes","2010","2010","t","1","A","Official figure"
"TM","Detailed trade matrix","616","Poland","826","United Kingdom of Great Britain and Northern Ireland","5910","Export quantity","F0875","Beef and veal preparations nes","2010","2010","t","221","A","Official figure"
"TM","Detailed trade matrix","616","Poland","826","United Kingdom of Great Britain and Northern Ireland","5910","Export quantity","F0875","Beef and veal preparations nes","2011","2011","t","230","A","Official figure"
"TM","Detailed trade matrix","616","Poland","826","United Kingdom of Great Britain and Northern Ireland","5910","Export quantity","F0875","Beef and veal preparations nes","2012","2012","t","309","A","Official figure"
"TM","Detailed trade matrix","616","Poland","826","United Kingdom of Great Britain and Northern Ireland","5910","Export quantity","F0875","Beef and veal preparations nes","2013","2013","t","729","A","Official figure"
"TM","Detailed trade matrix","616","Poland","826","United Kingdom of Great Britain and Northern Ireland","5910","Export quantity","F0875","Beef and veal preparations nes","2014","2014","t","487.8","A","Official figure"
"TM","Detailed trade matrix","616","Poland","826","United Kingdom of Great Britain and Northern Ireland","5910","Export quantity","F0875","Beef and veal preparations nes","2015","2015","t","310.4","A","Official figure"
"TM","Detailed trade matrix","616","Poland","826","United Kingdom of Great Britain and Northern Ireland","5910","Export quantity","F0875","Beef and veal preparations nes","2016","2016","t","443.63","A","Official figure"
"TM","Detailed trade matrix","616","Poland","826","United Kingdom of Great Britain and Northern Ireland","5910","Export quantity","F0875","Beef and veal preparations nes","2017","2017","t","1497.69","A","Official figure"
"TM","Detailed trade matrix","616","Poland","826","United Kingdom of Great Britain and Northern Ireland","5910","Export quantity","F0875","Beef and veal preparations nes","2018","2018","t","1305.28","A","Official figure"
"TM","Detailed trade matrix","616","Poland","826","United Kingdom of Great Britain and Northern Ireland","5910","Export quantity","F0875","Beef and veal preparations nes","2019","2019","t","1803.83","A","Official figure"
"TM","Detailed trade matrix","616","Poland","826","United Kingdom of Great Britain and Northern Ireland","5910","Export quantity","F0875","Beef and veal preparations nes","2020","2020","t","2016.06","A","Official figure"
"TM","Detailed trade matrix","620","Portugal","826","United Kingdom of Great Britain and Northern Ireland","5910","Export quantity","F0875","Beef and veal preparations nes","2010","2010","t","0","A","Official figure"
"TM","Detailed trade matrix","620","Portugal","826","United Kingdom of Great Britain and Northern Ireland","5910","Export quantity","F0875","Beef and veal preparations nes","2011","2011","t","0","A","Official figure"
"TM","Detailed trade matrix","620","Portugal","826","United Kingdom of Great Britain and Northern Ireland","5910","Export quantity","F0875","Beef and veal preparations nes","2012","2012","t","0","A","Official figure"
"TM","Detailed trade matrix","620","Portugal","826","United Kingdom of Great Britain and Northern Ireland","5910","Export quantity","F0875","Beef and veal preparations nes","2013","2013","t","0","A","Official figure"
"TM","Detailed trade matrix","620","Portugal","826","United Kingdom of Great Britain and Northern Ireland","5910","Export quantity","F0875","Beef and veal preparations nes","2014","2014","t","0.21","A","Official figure"
"TM","Detailed trade matrix","620","Portugal","826","United Kingdom of Great Britain and Northern Ireland","5910","Export quantity","F0875","Beef and veal preparations nes","2015","2015","t","2.2","A","Official figure"
"TM","Detailed trade matrix","620","Portugal","826","United Kingdom of Great Britain and Northern Ireland","5910","Export quantity","F0875","Beef and veal preparations nes","2016","2016","t","6.24","A","Official figure"
"TM","Detailed trade matrix","620","Portugal","826","United Kingdom of Great Britain and Northern Ireland","5910","Export quantity","F0875","Beef and veal preparations nes","2017","2017","t","14.42","A","Official figure"
"TM","Detailed trade matrix","620","Portugal","826","United Kingdom of Great Britain and Northern Ireland","5910","Export quantity","F0875","Beef and veal preparations nes","2018","2018","t","10.61","A","Official figure"
"TM","Detailed trade matrix","620","Portugal","826","United Kingdom of Great Britain and Northern Ireland","5910","Export quantity","F0875","Beef and veal preparations nes","2019","2019","t","5.42","A","Official figure"
"TM","Detailed trade matrix","620","Portugal","826","United Kingdom of Great Britain and Northern Ireland","5910","Export quantity","F0875","Beef and veal preparations nes","2020","2020","t","8.53","A","Official figure"
"TM","Detailed trade matrix","410","Republic of Korea","826","United Kingdom of Great Britain and Northern Ireland","5910","Export quantity","F0875","Beef and veal preparations nes","2013","2013","t","2","A","Official figure"
"TM","Detailed trade matrix","410","Republic of Korea","826","United Kingdom of Great Britain and Northern Ireland","5910","Export quantity","F0875","Beef and veal preparations nes","2015","2015","t","0.14","A","Official figure"
"TM","Detailed trade matrix","642","Romania","826","United Kingdom of Great Britain and Northern Ireland","5910","Export quantity","F0875","Beef and veal preparations nes","2010","2010","t","108","A","Official figure"
"TM","Detailed trade matrix","642","Romania","826","United Kingdom of Great Britain and Northern Ireland","5910","Export quantity","F0875","Beef and veal preparations nes","2011","2011","t","235","A","Official figure"
"TM","Detailed trade matrix","642","Romania","826","United Kingdom of Great Britain and Northern Ireland","5910","Export quantity","F0875","Beef and veal preparations nes","2012","2012","t","781","A","Official figure"
"TM","Detailed trade matrix","642","Romania","826","United Kingdom of Great Britain and Northern Ireland","5910","Export quantity","F0875","Beef and veal preparations nes","2013","2013","t","543","A","Official figure"
"TM","Detailed trade matrix","642","Romania","826","United Kingdom of Great Britain and Northern Ireland","5910","Export quantity","F0875","Beef and veal preparations nes","2014","2014","t","245.4","A","Official figure"
"TM","Detailed trade matrix","642","Romania","826","United Kingdom of Great Britain and Northern Ireland","5910","Export quantity","F0875","Beef and veal preparations nes","2015","2015","t","239.3","A","Official figure"
"TM","Detailed trade matrix","642","Romania","826","United Kingdom of Great Britain and Northern Ireland","5910","Export quantity","F0875","Beef and veal preparations nes","2016","2016","t","445.45","A","Official figure"
"TM","Detailed trade matrix","642","Romania","826","United Kingdom of Great Britain and Northern Ireland","5910","Export quantity","F0875","Beef and veal preparations nes","2017","2017","t","442.79","I","Value imputed by a receiving agency"
"TM","Detailed trade matrix","642","Romania","826","United Kingdom of Great Britain and Northern Ireland","5910","Export quantity","F0875","Beef and veal preparations nes","2018","2018","t","388.22","A","Official figure"
"TM","Detailed trade matrix","642","Romania","826","United Kingdom of Great Britain and Northern Ireland","5910","Export quantity","F0875","Beef and veal preparations nes","2019","2019","t","360.79","A","Official figure"
"TM","Detailed trade matrix","642","Romania","826","United Kingdom of Great Britain and Northern Ireland","5910","Export quantity","F0875","Beef and veal preparations nes","2020","2020","t","1180.93","A","Official figure"
"TM","Detailed trade matrix","702","Singapore","826","United Kingdom of Great Britain and Northern Ireland","5910","Export quantity","F0875","Beef and veal preparations nes","2013","2013","t","0","A","Official figure"
"TM","Detailed trade matrix","703","Slovakia","826","United Kingdom of Great Britain and Northern Ireland","5910","Export quantity","F0875","Beef and veal preparations nes","2010","2010","t","0","A","Official figure"
"TM","Detailed trade matrix","703","Slovakia","826","United Kingdom of Great Britain and Northern Ireland","5910","Export quantity","F0875","Beef and veal preparations nes","2012","2012","t","0","A","Official figure"
"TM","Detailed trade matrix","703","Slovakia","826","United Kingdom of Great Britain and Northern Ireland","5910","Export quantity","F0875","Beef and veal preparations nes","2014","2014","t","0.1","A","Official figure"
"TM","Detailed trade matrix","703","Slovakia","826","United Kingdom of Great Britain and Northern Ireland","5910","Export quantity","F0875","Beef and veal preparations nes","2015","2015","t","0.3","A","Official figure"
"TM","Detailed trade matrix","703","Slovakia","826","United Kingdom of Great Britain and Northern Ireland","5910","Export quantity","F0875","Beef and veal preparations nes","2016","2016","t","0.29","A","Official figure"
"TM","Detailed trade matrix","703","Slovakia","826","United Kingdom of Great Britain and Northern Ireland","5910","Export quantity","F0875","Beef and veal preparations nes","2017","2017","t","1.15","A","Official figure"
"TM","Detailed trade matrix","703","Slovakia","826","United Kingdom of Great Britain and Northern Ireland","5910","Export quantity","F0875","Beef and veal preparations nes","2018","2018","t","2.14","A","Official figure"
"TM","Detailed trade matrix","703","Slovakia","826","United Kingdom of Great Britain and Northern Ireland","5910","Export quantity","F0875","Beef and veal preparations nes","2019","2019","t","3.11","A","Official figure"
"TM","Detailed trade matrix","703","Slovakia","826","United Kingdom of Great Britain and Northern Ireland","5910","Export quantity","F0875","Beef and veal preparations nes","2020","2020","t","4.69","A","Official figure"
"TM","Detailed trade matrix","705","Slovenia","826","United Kingdom of Great Britain and Northern Ireland","5910","Export quantity","F0875","Beef and veal preparations nes","2010","2010","t","0","A","Official figure"
"TM","Detailed trade matrix","705","Slovenia","826","United Kingdom of Great Britain and Northern Ireland","5910","Export quantity","F0875","Beef and veal preparations nes","2011","2011","t","0","A","Official figure"
"TM","Detailed trade matrix","705","Slovenia","826","United Kingdom of Great Britain and Northern Ireland","5910","Export quantity","F0875","Beef and veal preparations nes","2012","2012","t","1","A","Official figure"
"TM","Detailed trade matrix","705","Slovenia","826","United Kingdom of Great Britain and Northern Ireland","5910","Export quantity","F0875","Beef and veal preparations nes","2013","2013","t","0","A","Official figure"
"TM","Detailed trade matrix","705","Slovenia","826","United Kingdom of Great Britain and Northern Ireland","5910","Export quantity","F0875","Beef and veal preparations nes","2018","2018","t","1","A","Official figure"
"TM","Detailed trade matrix","705","Slovenia","826","United Kingdom of Great Britain and Northern Ireland","5910","Export quantity","F0875","Beef and veal preparations nes","2019","2019","t","0.01","A","Official figure"
"TM","Detailed trade matrix","705","Slovenia","826","United Kingdom of Great Britain and Northern Ireland","5910","Export quantity","F0875","Beef and veal preparations nes","2020","2020","t","0.1","A","Official figure"
"TM","Detailed trade matrix","710","South Africa","826","United Kingdom of Great Britain and Northern Ireland","5910","Export quantity","F0875","Beef and veal preparations nes","2014","2014","t","0.01","A","Official figure"
"TM","Detailed trade matrix","710","South Africa","826","United Kingdom of Great Britain and Northern Ireland","5910","Export quantity","F0875","Beef and veal preparations nes","2017","2017","t","0.09","A","Official figure"
"TM","Detailed trade matrix","710","South Africa","826","United Kingdom of Great Britain and Northern Ireland","5910","Export quantity","F0875","Beef and veal preparations nes","2018","2018","t","0","A","Official figure"
"TM","Detailed trade matrix","724","Spain","826","United Kingdom of Great Britain and Northern Ireland","5910","Export quantity","F0875","Beef and veal preparations nes","2010","2010","t","1","A","Official figure"
"TM","Detailed trade matrix","724","Spain","826","United Kingdom of Great Britain and Northern Ireland","5910","Export quantity","F0875","Beef and veal preparations nes","2011","2011","t","0","A","Official figure"
"TM","Detailed trade matrix","724","Spain","826","United Kingdom of Great Britain and Northern Ireland","5910","Export quantity","F0875","Beef and veal preparations nes","2012","2012","t","9","A","Official figure"
"TM","Detailed trade matrix","724","Spain","826","United Kingdom of Great Britain and Northern Ireland","5910","Export quantity","F0875","Beef and veal preparations nes","2013","2013","t","16","A","Official figure"
"TM","Detailed trade matrix","724","Spain","826","United Kingdom of Great Britain and Northern Ireland","5910","Export quantity","F0875","Beef and veal preparations nes","2014","2014","t","4.1","A","Official figure"
"TM","Detailed trade matrix","724","Spain","826","United Kingdom of Great Britain and Northern Ireland","5910","Export quantity","F0875","Beef and veal preparations nes","2015","2015","t","9.23","A","Official figure"
"TM","Detailed trade matrix","724","Spain","826","United Kingdom of Great Britain and Northern Ireland","5910","Export quantity","F0875","Beef and veal preparations nes","2016","2016","t","43.13","A","Official figure"
"TM","Detailed trade matrix","724","Spain","826","United Kingdom of Great Britain and Northern Ireland","5910","Export quantity","F0875","Beef and veal preparations nes","2017","2017","t","156.72","A","Official figure"
"TM","Detailed trade matrix","724","Spain","826","United Kingdom of Great Britain and Northern Ireland","5910","Export quantity","F0875","Beef and veal preparations nes","2018","2018","t","268.05","A","Official figure"
"TM","Detailed trade matrix","724","Spain","826","United Kingdom of Great Britain and Northern Ireland","5910","Export quantity","F0875","Beef and veal preparations nes","2019","2019","t","228.31","A","Official figure"
"TM","Detailed trade matrix","724","Spain","826","United Kingdom of Great Britain and Northern Ireland","5910","Export quantity","F0875","Beef and veal preparations nes","2020","2020","t","154.12","A","Official figure"
"TM","Detailed trade matrix","752","Sweden","826","United Kingdom of Great Britain and Northern Ireland","5910","Export quantity","F0875","Beef and veal preparations nes","2010","2010","t","1538","A","Official figure"
"TM","Detailed trade matrix","752","Sweden","826","United Kingdom of Great Britain and Northern Ireland","5910","Export quantity","F0875","Beef and veal preparations nes","2011","2011","t","1747","A","Official figure"
"TM","Detailed trade matrix","752","Sweden","826","United Kingdom of Great Britain and Northern Ireland","5910","Export quantity","F0875","Beef and veal preparations nes","2012","2012","t","874","A","Official figure"
"TM","Detailed trade matrix","752","Sweden","826","United Kingdom of Great Britain and Northern Ireland","5910","Export quantity","F0875","Beef and veal preparations nes","2013","2013","t","115","A","Official figure"
"TM","Detailed trade matrix","752","Sweden","826","United Kingdom of Great Britain and Northern Ireland","5910","Export quantity","F0875","Beef and veal preparations nes","2014","2014","t","59.5","A","Official figure"
"TM","Detailed trade matrix","752","Sweden","826","United Kingdom of Great Britain and Northern Ireland","5910","Export quantity","F0875","Beef and veal preparations nes","2015","2015","t","160.7","A","Official figure"
"TM","Detailed trade matrix","752","Sweden","826","United Kingdom of Great Britain and Northern Ireland","5910","Export quantity","F0875","Beef and veal preparations nes","2016","2016","t","31.09","A","Official figure"
"TM","Detailed trade matrix","752","Sweden","826","United Kingdom of Great Britain and Northern Ireland","5910","Export quantity","F0875","Beef and veal preparations nes","2017","2017","t","14.56","A","Official figure"
"TM","Detailed trade matrix","752","Sweden","826","United Kingdom of Great Britain and Northern Ireland","5910","Export quantity","F0875","Beef and veal preparations nes","2018","2018","t","108.42","A","Official figure"
"TM","Detailed trade matrix","752","Sweden","826","United Kingdom of Great Britain and Northern Ireland","5910","Export quantity","F0875","Beef and veal preparations nes","2019","2019","t","178.38","A","Official figure"
"TM","Detailed trade matrix","752","Sweden","826","United Kingdom of Great Britain and Northern Ireland","5910","Export quantity","F0875","Beef and veal preparations nes","2020","2020","t","22.9","A","Official figure"
"TM","Detailed trade matrix","756","Switzerland","826","United Kingdom of Great Britain and Northern Ireland","5910","Export quantity","F0875","Beef and veal preparations nes","2015","2015","t","0.01","A","Official figure"
"TM","Detailed trade matrix","756","Switzerland","826","United Kingdom of Great Britain and Northern Ireland","5910","Export quantity","F0875","Beef and veal preparations nes","2016","2016","t","0.01","A","Official figure"
"TM","Detailed trade matrix","780","Trinidad and Tobago","826","United Kingdom of Great Britain and Northern Ireland","5910","Export quantity","F0875","Beef and veal preparations nes","2015","2015","t","0.33","A","Official figure"
"TM","Detailed trade matrix","780","Trinidad and Tobago","826","United Kingdom of Great Britain and Northern Ireland","5910","Export quantity","F0875","Beef and veal preparations nes","2016","2016","t","0.02","A","Official figure"
"TM","Detailed trade matrix","792","Türkiye","826","United Kingdom of Great Britain and Northern Ireland","5910","Export quantity","F0875","Beef and veal preparations nes","2020","2020","t","0.39","A","Official figure"
"TM","Detailed trade matrix","804","Ukraine","826","United Kingdom of Great Britain and Northern Ireland","5910","Export quantity","F0875","Beef and veal preparations nes","2010","2010","t","1","A","Official figure"
"TM","Detailed trade matrix","804","Ukraine","826","United Kingdom of Great Britain and Northern Ireland","5910","Export quantity","F0875","Beef and veal preparations nes","2011","2011","t","6","A","Official figure"
"TM","Detailed trade matrix","804","Ukraine","826","United Kingdom of Great Britain and Northern Ireland","5910","Export quantity","F0875","Beef and veal preparations nes","2012","2012","t","6","A","Official figure"
"TM","Detailed trade matrix","804","Ukraine","826","United Kingdom of Great Britain and Northern Ireland","5910","Export quantity","F0875","Beef and veal preparations nes","2013","2013","t","6","A","Official figure"
"TM","Detailed trade matrix","804","Ukraine","826","United Kingdom of Great Britain and Northern Ireland","5910","Export quantity","F0875","Beef and veal preparations nes","2014","2014","t","4.03","A","Official figure"
"TM","Detailed trade matrix","804","Ukraine","826","United Kingdom of Great Britain and Northern Ireland","5910","Export quantity","F0875","Beef and veal preparations nes","2015","2015","t","0.18","I","Value imputed by a receiving agency"
"TM","Detailed trade matrix","804","Ukraine","826","United Kingdom of Great Britain and Northern Ireland","5910","Export quantity","F0875","Beef and veal preparations nes","2016","2016","t","0.41","A","Official figure"
"TM","Detailed trade matrix","804","Ukraine","826","United Kingdom of Great Britain and Northern Ireland","5910","Export quantity","F0875","Beef and veal preparations nes","2017","2017","t","0.07","A","Official figure"
"TM","Detailed trade matrix","804","Ukraine","826","United Kingdom of Great Britain and Northern Ireland","5910","Export quantity","F0875","Beef and veal preparations nes","2018","2018","t","0.24","A","Official figure"
"TM","Detailed trade matrix","804","Ukraine","826","United Kingdom of Great Britain and Northern Ireland","5910","Export quantity","F0875","Beef and veal preparations nes","2019","2019","t","0.06","A","Official figure"
"TM","Detailed trade matrix","804","Ukraine","826","United Kingdom of Great Britain and Northern Ireland","5910","Export quantity","F0875","Beef and veal preparations nes","2020","2020","t","0.04","A","Official figure"
"TM","Detailed trade matrix","784","United Arab Emirates","826","United Kingdom of Great Britain and Northern Ireland","5910","Export quantity","F0875","Beef and veal preparations nes","2017","2017","t","8.5","A","Official figure"
"TM","Detailed trade matrix","840","United States of America","826","United Kingdom of Great Britain and Northern Ireland","5910","Export quantity","F0875","Beef and veal preparations nes","2010","2010","t","55","A","Official figure"
"TM","Detailed trade matrix","840","United States of America","826","United Kingdom of Great Britain and Northern Ireland","5910","Export quantity","F0875","Beef and veal preparations nes","2011","2011","t","103","A","Official figure"
"TM","Detailed trade matrix","840","United States of America","826","United Kingdom of Great Britain and Northern Ireland","5910","Export quantity","F0875","Beef and veal preparations nes","2012","2012","t","190","A","Official figure"
"TM","Detailed trade matrix","840","United States of America","826","United Kingdom of Great Britain and Northern Ireland","5910","Export quantity","F0875","Beef and veal preparations nes","2013","2013","t","136","A","Official figure"
"TM","Detailed trade matrix","840","United States of America","826","United Kingdom of Great Britain and Northern Ireland","5910","Export quantity","F0875","Beef and veal preparations nes","2014","2014","t","143.51","A","Official figure"
"TM","Detailed trade matrix","840","United States of America","826","United Kingdom of Great Britain and Northern Ireland","5910","Export quantity","F0875","Beef and veal preparations nes","2015","2015","t","15.99","A","Official figure"
"TM","Detailed trade matrix","840","United States of America","826","United Kingdom of Great Britain and Northern Ireland","5910","Export quantity","F0875","Beef and veal preparations nes","2018","2018","t","3.88","A","Official figure"
"TM","Detailed trade matrix","840","United States of America","826","United Kingdom of Great Britain and Northern Ireland","5910","Export quantity","F0875","Beef and veal preparations nes","2019","2019","t","0.67","A","Official figure"
"TM","Detailed trade matrix","840","United States of America","826","United Kingdom of Great Britain and Northern Ireland","5910","Export quantity","F0875","Beef and veal preparations nes","2020","2020","t","0.9","A","Official figure"
"TM","Detailed trade matrix","858","Uruguay","826","United Kingdom of Great Britain and Northern Ireland","5910","Export quantity","F0875","Beef and veal preparations nes","2010","2010","t","2313","A","Official figure"
"TM","Detailed trade matrix","858","Uruguay","826","United Kingdom of Great Britain and Northern Ireland","5910","Export quantity","F0875","Beef and veal preparations nes","2011","2011","t","180","A","Official figure"
"TM","Detailed trade matrix","858","Uruguay","826","United Kingdom of Great Britain and Northern Ireland","5910","Export quantity","F0875","Beef and veal preparations nes","2012","2012","t","299","A","Official figure"
"TM","Detailed trade matrix","858","Uruguay","826","United Kingdom of Great Britain and Northern Ireland","5910","Export quantity","F0875","Beef and veal preparations nes","2013","2013","t","109","A","Official figure"
"TM","Detailed trade matrix","858","Uruguay","826","United Kingdom of Great Britain and Northern Ireland","5910","Export quantity","F0875","Beef and veal preparations nes","2014","2014","t","35.55","A","Official figure"
"TM","Detailed trade matrix","858","Uruguay","826","United Kingdom of Great Britain and Northern Ireland","5910","Export quantity","F0875","Beef and veal preparations nes","2015","2015","t","8.53","A","Official figure"
"TM","Detailed trade matrix","704","Viet Nam","826","United Kingdom of Great Britain and Northern Ireland","5910","Export quantity","F0875","Beef and veal preparations nes","2014","2014","t","0.15","A","Official figure"
"TM","Detailed trade matrix","704","Viet Nam","826","United Kingdom of Great Britain and Northern Ireland","5910","Export quantity","F0875","Beef and veal preparations nes","2015","2015","t","0.16","A","Official figure"
"TM","Detailed trade matrix","704","Viet Nam","826","United Kingdom of Great Britain and Northern Ireland","5910","Export quantity","F0875","Beef and veal preparations nes","2017","2017","t","0.34","A","Official figure"
